"'Number in the queue/DeptNumber'"," 'Shift (M/A/E)'"," 'Queue Type (Reg'","'Created Queue Hours'"," 'Created Queue Day of Week'"," 'Waiting Duration'"," 'Number of Waiting Queue'"," 'Arrival Rate'"," 'Service Rate'"
"101","1","01/01/2020","8","1","0.08","0","4","2"
"101","1","01/01/2020","8","1","0.14","1","4","2"
"101","1","01/01/2020","8","1","0.21","2","4","1"
"101","1","01/01/2020","8","1","0.27","3","4","1"
"101","1","01/01/2020","8","1","0.3","3","2","1"
"101","1","01/01/2020","8","1","0.37","4","2","1"
"101","1","01/01/2020","8","1","0.38","4","4","2"
"101","1","01/01/2020","8","1","0.4","4","4","2"
"101","1","01/01/2020","8","1","0.52","5","4","1"
"101","1","01/01/2020","8","1","1.02","6","4","1"
"101","1","01/01/2020","8","1","1.07","6","1","1"
"101","1","01/01/2020","8","1","1.08","6","2","1"
"101","1","01/01/2020","8","1","1.18","7","2","1"
"101","1","01/01/2020","8","1","1.13","7","2","2"
"101","1","01/01/2020","8","1","1.17","8","2","2"
"101","1","01/01/2020","9","1","1.12","7","2","2"
"101","1","01/01/2020","9","1","1.21","8","2","2"
"101","1","01/01/2020","9","1","1.21","9","1","1"
"101","1","01/01/2020","9","1","1.24","9","1","1"
"101","1","01/01/2020","9","1","1.18","9","2","1"
"101","1","01/01/2020","9","1","1.25","10","2","2"
"101","1","01/01/2020","9","1","1.23","10","1","2"
"101","1","01/01/2020","9","1","1.2","11","1","1"
"101","1","01/01/2020","10","1","1.18","11","5","2"
"101","1","01/01/2020","10","1","1.24","12","5","2"
"101","1","01/01/2020","10","1","1.27","12","5","1"
"101","1","01/01/2020","10","1","1.35","13","5","1"
"101","1","01/01/2020","10","1","1.44","13","5","1"
"101","1","01/01/2020","10","1","1.45","13","1","1"
"101","1","01/01/2020","10","1","1.47","13","2","2"
"101","1","01/01/2020","10","1","1.54","14","2","2"
"101","1","01/01/2020","10","1","1.54","14","1","1"
"101","1","01/01/2020","10","1","1.53","13","2","1"
"101","1","01/01/2020","10","1","2.01","14","2","2"
"101","1","01/01/2020","10","1","2.09","15","2","2"
"101","1","01/01/2020","10","1","2.16","15","2","1"
"101","1","01/01/2020","11","1","2.19","15","2","2"
"101","1","01/01/2020","11","1","2.21","15","2","2"
"101","1","01/01/2020","11","1","2.24","16","1","2"
"101","1","01/01/2020","11","1","2.21","15","2","2"
"101","1","01/01/2020","11","1","2.25","16","2","1"
"101","1","01/01/2020","11","1","2.29","15","3","1"
"101","1","01/01/2020","11","1","2.38","16","3","1"
"101","1","01/01/2020","11","1","2.43","17","3","1"
"101","1","01/01/2020","11","1","2.44","17","3","2"
"101","1","01/01/2020","11","1","2.56","18","3","2"
"101","1","01/01/2020","11","1","3.07","19","3","1"
"101","1","01/01/2020","11","1","3.04","19","2","2"
"101","1","01/01/2020","11","1","3.13","20","2","2"
"101","2","01/01/2020","12","1","3.16","21","2","1"
"101","2","01/01/2020","12","1","3.2","21","2","1"
"101","2","01/01/2020","12","1","3.26","21","3","1"
"101","2","01/01/2020","12","1","3.33","22","3","1"
"101","2","01/01/2020","12","1","3.35","22","3","1"
"101","2","01/01/2020","12","1","3.46","23","3","1"
"101","2","01/01/2020","12","1","3.46","24","3","1"
"101","2","01/01/2020","12","1","3.57","25","3","1"
"101","2","01/01/2020","12","1","3.59","25","1","1"
"101","2","01/01/2020","12","1","3.55","25","1","1"
"101","2","01/01/2020","12","1","3.57","25","1","1"
"101","2","01/01/2020","13","1","3.56","25","2","1"
"101","2","01/01/2020","13","1","4.01","26","2","1"
"101","2","01/01/2020","13","1","4.05","26","2","2"
"101","2","01/01/2020","13","1","4.12","27","2","2"
"101","2","01/01/2020","13","1","4.13","27","2","1"
"101","2","01/01/2020","13","1","4.18","28","2","1"
"101","2","01/01/2020","13","1","4.17","28","2","1"
"101","2","01/01/2020","13","1","4.26","29","2","1"
"101","2","01/01/2020","13","1","4.28","28","1","1"
"101","2","01/01/2020","13","1","4.28","28","1","1"
"101","2","01/01/2020","14","1","4.36","29","3","1"
"101","2","01/01/2020","14","1","4.46","30","3","1"
"101","2","01/01/2020","14","1","4.5","31","3","1"
"101","2","01/01/2020","14","1","4.44","30","1","2"
"101","2","01/01/2020","14","1","4.46","31","1","2"
"101","2","01/01/2020","14","1","4.42","30","4","1"
"101","2","01/01/2020","14","1","4.45","31","4","2"
"101","2","01/01/2020","14","1","4.51","32","4","2"
"101","2","01/01/2020","14","1","4.57","33","4","1"
"101","2","01/01/2020","14","1","5.01","33","1","1"
"101","2","01/01/2020","14","1","5.04","34","1","1"
"101","2","01/01/2020","15","1","5.05","33","1","1"
"101","2","01/01/2020","15","1","4.59","33","1","1"
"101","2","01/01/2020","15","1","4.55","33","1","2"
"101","2","01/01/2020","15","1","4.57","33","2","2"
"101","2","01/01/2020","15","1","5.04","33","2","1"
"101","2","01/01/2020","15","1","5.0","33","1","1"
"101","3","01/01/2020","16","1","4.55","33","3","2"
"101","3","01/01/2020","16","1","4.58","34","3","2"
"101","3","01/01/2020","16","1","4.59","34","3","2"
"101","3","01/01/2020","16","1","5.01","35","2","2"
"101","3","01/01/2020","16","1","5.02","35","2","1"
"101","3","01/01/2020","16","1","5.03","35","1","1"
"101","3","01/01/2020","16","1","4.57","35","1","2"
"101","3","01/01/2020","16","1","5.05","35","1","2"
"101","3","01/01/2020","16","1","5.02","35","2","1"
"101","3","01/01/2020","16","1","5.46","36","2","1"
"101","3","01/01/2020","17","1","5.05","35","1","1"
"101","3","01/01/2020","17","1","5.04","35","1","1"
"101","3","01/01/2020","17","1","5.06","35","2","1"
"101","3","01/01/2020","17","1","5.09","35","2","1"
"101","3","01/01/2020","17","1","5.04","35","1","1"
"101","3","01/01/2020","17","1","5.09","36","1","2"
"101","1","02/01/2020","8","1","0.08","0","2","2"
"101","1","02/01/2020","8","1","0.1","1","2","2"
"101","1","02/01/2020","8","1","0.1","1","4","1"
"101","1","02/01/2020","8","1","0.13","1","4","1"
"101","1","02/01/2020","8","1","0.22","2","4","1"
"101","1","02/01/2020","8","1","0.3","3","4","2"
"101","1","02/01/2020","8","1","0.32","3","1","2"
"101","1","02/01/2020","8","1","0.3","3","2","1"
"101","1","02/01/2020","8","1","0.39","4","2","1"
"101","1","02/01/2020","8","1","0.34","4","1","1"
"101","1","02/01/2020","8","1","0.35","4","1","1"
"101","1","02/01/2020","9","1","0.33","3","2","2"
"101","1","02/01/2020","9","1","0.4","4","2","2"
"101","1","02/01/2020","9","1","0.43","5","1","1"
"101","1","02/01/2020","9","1","0.45","5","1","1"
"101","1","02/01/2020","9","1","0.43","5","1","1"
"101","1","02/01/2020","9","1","0.36","4","3","2"
"101","1","02/01/2020","9","1","0.42","5","3","2"
"101","1","02/01/2020","9","1","0.46","6","3","1"
"101","1","02/01/2020","9","1","0.47","5","1","1"
"101","1","02/01/2020","10","1","0.52","6","2","1"
"101","1","02/01/2020","10","1","0.5","6","2","2"
"101","1","02/01/2020","10","1","0.54","6","2","2"
"101","1","02/01/2020","10","1","1.0","7","2","2"
"101","1","02/01/2020","10","1","1.01","7","1","2"
"101","1","02/01/2020","10","1","0.59","7","1","1"
"101","1","02/01/2020","10","1","0.59","7","1","1"
"101","1","02/01/2020","10","1","0.56","6","2","1"
"101","1","02/01/2020","10","1","1.01","7","2","2"
"101","1","02/01/2020","11","1","1.03","7","1","2"
"101","1","02/01/2020","11","1","0.58","6","1","2"
"101","1","02/01/2020","11","1","1.06","7","2","2"
"101","1","02/01/2020","11","1","1.11","7","2","1"
"101","1","02/01/2020","11","1","1.14","7","2","1"
"101","1","02/01/2020","11","1","1.19","8","2","1"
"101","1","02/01/2020","11","1","1.25","9","2","1"
"101","1","02/01/2020","11","1","1.29","9","2","1"
"101","1","02/01/2020","11","1","1.26","9","1","1"
"101","2","02/01/2020","12","1","1.2","9","2","1"
"101","2","02/01/2020","12","1","1.17","8","2","2"
"101","2","02/01/2020","12","1","1.22","9","1","2"
"101","2","02/01/2020","12","1","1.18","9","1","1"
"101","2","02/01/2020","12","1","1.13","9","1","2"
"101","2","02/01/2020","12","1","1.16","9","2","2"
"101","2","02/01/2020","12","1","1.19","9","2","1"
"101","2","02/01/2020","13","1","1.2","9","3","1"
"101","2","02/01/2020","13","1","1.29","10","3","1"
"101","2","02/01/2020","13","1","1.35","11","3","1"
"101","2","02/01/2020","13","1","1.35","12","1","1"
"101","2","02/01/2020","13","1","1.3","11","1","2"
"101","2","02/01/2020","13","1","1.35","11","2","2"
"101","2","02/01/2020","13","1","1.42","12","2","1"
"101","2","02/01/2020","13","1","1.43","12","2","1"
"101","2","02/01/2020","13","1","1.46","12","2","1"
"101","2","02/01/2020","13","1","1.48","13","4","2"
"101","2","02/01/2020","13","1","1.59","13","4","2"
"101","2","02/01/2020","13","1","2.09","14","4","1"
"101","2","02/01/2020","13","1","2.12","15","4","1"
"101","2","02/01/2020","14","1","2.14","15","1","2"
"101","2","02/01/2020","14","1","2.18","15","3","2"
"101","2","02/01/2020","14","1","2.21","16","3","1"
"101","2","02/01/2020","14","1","2.24","17","3","1"
"101","2","02/01/2020","14","1","2.24","16","1","1"
"101","2","02/01/2020","14","1","2.29","17","2","1"
"101","2","02/01/2020","14","1","2.32","17","2","2"
"101","2","02/01/2020","14","1","2.34","17","2","2"
"101","2","02/01/2020","14","1","2.36","18","2","1"
"101","2","02/01/2020","14","1","2.41","18","2","1"
"101","2","02/01/2020","14","1","2.43","18","2","1"
"101","2","02/01/2020","15","1","2.47","19","2","2"
"101","2","02/01/2020","15","1","2.47","19","2","2"
"101","2","02/01/2020","15","1","2.47","19","1","1"
"101","2","02/01/2020","15","1","2.5","20","2","1"
"101","2","02/01/2020","15","1","2.58","20","2","1"
"101","2","02/01/2020","15","1","2.58","20","1","1"
"101","2","02/01/2020","15","1","2.56","20","1","1"
"101","2","02/01/2020","15","1","2.57","21","2","2"
"101","2","02/01/2020","15","1","3.01","21","2","2"
"101","3","02/01/2020","16","1","3.05","21","1","1"
"101","3","02/01/2020","16","1","3.04","21","2","1"
"101","3","02/01/2020","16","1","3.14","22","2","1"
"101","3","02/01/2020","16","1","3.13","22","3","2"
"101","3","02/01/2020","16","1","3.2","23","3","2"
"101","3","02/01/2020","16","1","3.27","23","3","1"
"101","3","02/01/2020","16","1","3.25","23","1","1"
"101","3","02/01/2020","16","1","3.28","23","3","2"
"101","3","02/01/2020","16","1","3.34","24","3","2"
"101","3","02/01/2020","16","1","3.4","25","3","2"
"101","3","02/01/2020","16","1","3.45","26","2","2"
"101","3","02/01/2020","16","1","3.47","26","2","1"
"101","3","02/01/2020","17","1","3.49","26","1","1"
"101","3","02/01/2020","17","1","3.48","26","1","1"
"101","3","02/01/2020","17","1","3.51","26","1","1"
"101","3","02/01/2020","17","1","3.53","26","2","1"
"101","3","02/01/2020","17","1","3.57","27","2","1"
"101","3","02/01/2020","17","1","3.58","26","2","1"
"101","3","02/01/2020","17","1","4.06","27","2","1"
"101","3","02/01/2020","17","1","4.1","27","1","1"
"101","1","03/01/2020","8","1","0.06","0","3","2"
"101","1","03/01/2020","8","1","0.06","1","3","2"
"101","1","03/01/2020","8","1","0.14","1","3","1"
"101","1","03/01/2020","8","1","0.15","1","1","1"
"101","1","03/01/2020","8","1","0.12","1","3","2"
"101","1","03/01/2020","8","1","0.19","2","3","2"
"101","1","03/01/2020","8","1","0.28","3","3","1"
"101","1","03/01/2020","8","1","0.34","3","1","1"
"101","1","03/01/2020","8","1","0.41","3","2","1"
"101","1","03/01/2020","8","1","0.46","4","2","1"
"101","1","03/01/2020","8","1","0.43","4","1","2"
"101","1","03/01/2020","9","1","0.44","4","2","2"
"101","1","03/01/2020","9","1","0.46","5","2","1"
"101","1","03/01/2020","9","1","0.45","5","1","1"
"101","1","03/01/2020","9","1","0.4","5","1","2"
"101","1","03/01/2020","9","1","0.46","5","1","2"
"101","1","03/01/2020","9","1","0.4","5","1","2"
"101","1","03/01/2020","9","1","0.37","4","1","2"
"101","1","03/01/2020","10","1","0.41","5","1","1"
"101","1","03/01/2020","10","1","0.41","4","1","1"
"101","1","03/01/2020","10","1","0.44","5","3","1"
"101","1","03/01/2020","10","1","0.49","5","3","1"
"101","1","03/01/2020","10","1","0.56","5","3","1"
"101","1","03/01/2020","10","1","0.56","5","1","1"
"101","1","03/01/2020","10","1","0.52","4","1","1"
"101","1","03/01/2020","11","1","0.5","5","3","1"
"101","1","03/01/2020","11","1","0.53","6","3","2"
"101","1","03/01/2020","11","1","1.0","6","3","2"
"101","1","03/01/2020","11","1","1.03","6","1","1"
"101","1","03/01/2020","11","1","1.04","7","3","1"
"101","1","03/01/2020","11","1","1.15","8","3","1"
"101","1","03/01/2020","11","1","1.22","8","3","1"
"101","1","03/01/2020","11","1","1.22","8","3","1"
"101","1","03/01/2020","11","1","1.34","9","3","1"
"101","1","03/01/2020","11","1","1.4","9","3","1"
"101","1","03/01/2020","11","1","1.38","9","3","1"
"101","1","03/01/2020","11","1","1.46","10","3","1"
"101","1","03/01/2020","11","1","1.53","10","3","1"
"101","2","03/01/2020","12","1","1.49","11","2","2"
"101","2","03/01/2020","12","1","1.59","11","2","2"
"101","2","03/01/2020","12","1","2.06","12","2","1"
"101","2","03/01/2020","12","1","2.08","13","2","1"
"101","2","03/01/2020","12","1","2.06","12","2","1"
"101","2","03/01/2020","12","1","2.11","13","2","1"
"101","2","03/01/2020","12","1","2.17","13","2","1"
"101","2","03/01/2020","12","1","2.18","14","2","1"
"101","2","03/01/2020","12","1","2.15","14","1","1"
"101","2","03/01/2020","13","1","2.09","14","1","2"
"101","2","03/01/2020","13","1","2.11","15","2","2"
"101","2","03/01/2020","13","1","2.12","16","2","2"
"101","2","03/01/2020","13","1","2.06","16","1","2"
"101","2","03/01/2020","13","1","2.02","15","1","1"
"101","2","03/01/2020","13","1","2.04","16","2","2"
"101","2","03/01/2020","13","1","2.07","16","2","2"
"101","2","03/01/2020","13","1","2.08","15","1","1"
"101","2","03/01/2020","14","1","2.13","16","3","1"
"101","2","03/01/2020","14","1","2.15","17","3","1"
"101","2","03/01/2020","14","1","2.24","18","3","1"
"101","2","03/01/2020","14","1","2.26","18","1","2"
"101","2","03/01/2020","14","1","2.23","18","2","2"
"101","2","03/01/2020","14","1","2.27","18","2","1"
"101","2","03/01/2020","14","1","2.29","18","1","1"
"101","2","03/01/2020","14","1","2.26","18","2","1"
"101","2","03/01/2020","14","1","2.26","18","2","1"
"101","2","03/01/2020","15","1","2.34","19","2","1"
"101","2","03/01/2020","15","1","2.36","19","2","1"
"101","2","03/01/2020","15","1","2.36","19","1","2"
"101","2","03/01/2020","15","1","2.34","18","1","2"
"101","2","03/01/2020","15","1","2.34","17","3","1"
"101","2","03/01/2020","15","1","2.43","18","3","1"
"101","2","03/01/2020","15","1","2.51","19","3","1"
"101","2","03/01/2020","15","1","2.49","18","1","1"
"101","2","03/01/2020","15","1","2.55","19","1","1"
"101","3","03/01/2020","16","1","2.57","19","2","1"
"101","3","03/01/2020","16","1","3.03","19","2","1"
"101","3","03/01/2020","16","1","3.04","20","2","1"
"101","3","03/01/2020","16","1","3.07","20","2","1"
"101","3","03/01/2020","16","1","3.02","20","1","2"
"101","3","03/01/2020","16","1","3.07","20","1","2"
"101","3","03/01/2020","16","1","3.1","20","1","1"
"101","3","03/01/2020","16","1","3.1","19","2","1"
"101","3","03/01/2020","16","1","3.2","20","2","1"
"101","3","03/01/2020","17","1","3.12","20","4","1"
"101","3","03/01/2020","17","1","3.17","21","4","1"
"101","3","03/01/2020","17","1","3.26","22","4","1"
"101","3","03/01/2020","17","1","3.37","23","4","1"
"101","3","03/01/2020","17","1","3.4","23","2","1"
"101","3","03/01/2020","17","1","3.52","24","2","1"
"101","3","03/01/2020","17","1","3.56","24","1","1"
"101","3","03/01/2020","17","1","3.58","24","2","1"
"101","3","03/01/2020","17","1","3.59","24","2","1"
"101","1","04/01/2020","8","1","0.08","0","2","2"
"101","1","04/01/2020","8","1","0.08","1","2","2"
"101","1","04/01/2020","8","1","0.1","1","3","1"
"101","1","04/01/2020","8","1","0.15","2","3","2"
"101","1","04/01/2020","8","1","0.19","2","3","2"
"101","1","04/01/2020","8","1","0.18","2","1","1"
"101","1","04/01/2020","8","1","0.17","2","3","2"
"101","1","04/01/2020","8","1","0.23","3","3","2"
"101","1","04/01/2020","8","1","0.25","3","3","1"
"101","1","04/01/2020","8","1","0.26","3","1","1"
"101","1","04/01/2020","8","1","0.27","3","2","2"
"101","1","04/01/2020","8","1","0.25","3","2","2"
"101","1","04/01/2020","9","1","0.25","3","3","1"
"101","1","04/01/2020","9","1","0.3","4","3","2"
"101","1","04/01/2020","9","1","0.38","5","3","2"
"101","1","04/01/2020","9","1","0.38","5","3","1"
"101","1","04/01/2020","9","1","0.44","6","3","2"
"101","1","04/01/2020","9","1","0.47","7","3","2"
"101","1","04/01/2020","9","1","0.5","7","2","1"
"101","1","04/01/2020","9","1","0.57","8","2","1"
"101","1","04/01/2020","9","1","0.57","8","3","2"
"101","1","04/01/2020","9","1","0.59","8","3","2"
"101","1","04/01/2020","9","1","1.03","9","3","2"
"101","1","04/01/2020","9","1","1.01","9","3","2"
"101","1","04/01/2020","9","1","1.06","10","3","1"
"101","1","04/01/2020","9","1","1.12","10","3","2"
"101","1","04/01/2020","9","1","1.12","10","2","2"
"101","1","04/01/2020","9","1","1.11","10","2","1"
"101","1","04/01/2020","10","1","1.15","11","2","2"
"101","1","04/01/2020","10","1","1.13","11","2","2"
"101","1","04/01/2020","10","1","1.11","11","2","2"
"101","1","04/01/2020","10","1","1.16","12","2","2"
"101","1","04/01/2020","10","1","1.2","13","2","1"
"101","1","04/01/2020","10","1","1.22","13","2","2"
"101","1","04/01/2020","10","1","1.2","12","2","2"
"101","1","04/01/2020","10","1","1.23","13","2","1"
"101","1","04/01/2020","10","1","1.22","12","2","2"
"101","1","04/01/2020","10","1","1.27","13","2","2"
"101","1","04/01/2020","10","1","1.25","13","1","1"
"101","1","04/01/2020","11","1","1.27","13","2","2"
"101","1","04/01/2020","11","1","1.27","13","2","2"
"101","1","04/01/2020","11","1","1.29","13","1","1"
"101","1","04/01/2020","11","1","1.3","13","2","1"
"101","1","04/01/2020","11","1","1.34","13","2","2"
"101","1","04/01/2020","11","1","1.34","13","2","2"
"101","1","04/01/2020","11","1","1.39","13","2","1"
"101","1","04/01/2020","11","1","1.39","13","2","1"
"101","1","04/01/2020","11","1","1.37","14","2","2"
"101","1","04/01/2020","11","1","1.35","13","1","2"
"101","2","04/01/2020","12","1","1.33","13","1","2"
"101","2","04/01/2020","12","1","1.32","13","3","2"
"101","2","04/01/2020","12","1","1.37","14","3","1"
"101","2","04/01/2020","12","1","1.45","14","3","1"
"101","2","04/01/2020","12","1","1.44","14","2","2"
"101","2","04/01/2020","12","1","1.49","15","2","2"
"101","2","04/01/2020","12","1","1.53","15","1","1"
"101","2","04/01/2020","12","1","1.52","15","3","1"
"101","2","04/01/2020","12","1","1.58","16","3","2"
"101","2","04/01/2020","12","1","1.57","16","3","2"
"101","2","04/01/2020","12","1","1.59","16","4","1"
"101","2","04/01/2020","12","1","2.05","17","4","2"
"101","2","04/01/2020","12","1","2.1","18","4","2"
"101","2","04/01/2020","12","1","2.15","19","4","1"
"101","2","04/01/2020","13","1","2.18","19","2","2"
"101","2","04/01/2020","13","1","2.18","20","2","2"
"101","2","04/01/2020","13","1","2.19","20","2","1"
"101","2","04/01/2020","13","1","2.19","20","2","2"
"101","2","04/01/2020","13","1","2.19","20","1","2"
"101","2","04/01/2020","13","1","2.2","20","2","1"
"101","2","04/01/2020","13","1","2.21","20","2","2"
"101","2","04/01/2020","13","1","2.23","20","1","2"
"101","2","04/01/2020","13","1","2.2","20","4","1"
"101","2","04/01/2020","13","1","2.26","21","4","2"
"101","2","04/01/2020","13","1","2.31","21","4","2"
"101","2","04/01/2020","13","1","2.37","22","4","1"
"101","2","04/01/2020","14","1","2.39","23","4","1"
"101","2","04/01/2020","14","1","2.45","23","4","2"
"101","2","04/01/2020","14","1","2.48","24","4","2"
"101","2","04/01/2020","14","1","2.53","25","4","1"
"101","2","04/01/2020","14","1","2.52","25","2","2"
"101","2","04/01/2020","14","1","2.56","26","2","2"
"101","2","04/01/2020","14","1","2.54","26","2","2"
"101","2","04/01/2020","14","1","2.55","26","2","2"
"101","2","04/01/2020","14","1","2.59","26","2","1"
"101","2","04/01/2020","14","1","3.02","27","2","1"
"101","2","04/01/2020","14","1","3.01","27","1","2"
"101","2","04/01/2020","14","1","2.59","26","3","2"
"101","2","04/01/2020","14","1","3.05","27","3","1"
"101","2","04/01/2020","14","1","3.09","27","3","2"
"101","2","04/01/2020","15","1","3.09","28","1","2"
"101","2","04/01/2020","15","1","3.1","28","3","1"
"101","2","04/01/2020","15","1","3.15","29","3","2"
"101","2","04/01/2020","15","1","3.2","29","3","2"
"101","2","04/01/2020","15","1","3.2","29","3","1"
"101","2","04/01/2020","15","1","3.25","30","3","2"
"101","2","04/01/2020","15","1","3.28","30","3","2"
"101","2","04/01/2020","15","1","3.27","30","2","2"
"101","2","04/01/2020","15","1","3.3","30","2","2"
"101","2","04/01/2020","15","1","3.32","31","2","1"
"101","2","04/01/2020","15","1","3.39","32","2","1"
"101","2","04/01/2020","15","1","3.36","32","1","2"
"101","3","04/01/2020","16","1","3.36","31","2","2"
"101","3","04/01/2020","16","1","3.36","31","2","1"
"101","3","04/01/2020","16","1","3.33","31","1","1"
"101","3","04/01/2020","16","1","3.32","31","2","2"
"101","3","04/01/2020","16","1","3.37","31","2","2"
"101","3","04/01/2020","16","1","3.41","32","4","1"
"101","3","04/01/2020","16","1","3.46","33","4","2"
"101","3","04/01/2020","16","1","3.52","33","4","2"
"101","3","04/01/2020","16","1","3.55","34","4","1"
"101","3","04/01/2020","16","1","3.58","34","2","2"
"101","3","04/01/2020","16","1","3.56","34","2","2"
"101","3","04/01/2020","16","1","3.54","34","1","1"
"101","3","04/01/2020","17","1","3.52","34","2","2"
"101","3","04/01/2020","17","1","3.57","34","2","2"
"101","3","04/01/2020","17","1","4.0","34","2","1"
"101","3","04/01/2020","17","1","4.04","35","2","1"
"101","3","04/01/2020","17","1","4.04","34","1","1"
"101","3","04/01/2020","17","1","4.04","35","2","2"
"101","3","04/01/2020","17","1","4.06","35","2","2"
"101","3","04/01/2020","17","1","4.06","35","1","1"
"101","3","04/01/2020","17","1","4.04","35","1","2"
"101","3","04/01/2020","18","1","4.04","35","2","2"
"101","1","05/01/2020","8","1","0.06","0","3","2"
"101","1","05/01/2020","8","1","0.1","1","3","2"
"101","1","05/01/2020","8","1","0.12","2","3","2"
"101","1","05/01/2020","8","1","0.14","2","5","2"
"101","1","05/01/2020","8","1","0.15","2","5","2"
"101","1","05/01/2020","8","1","0.19","3","5","2"
"101","1","05/01/2020","8","1","0.24","4","5","1"
"101","1","05/01/2020","8","1","0.28","4","5","2"
"101","1","05/01/2020","8","1","0.32","5","4","2"
"101","1","05/01/2020","8","1","0.37","6","4","2"
"101","1","05/01/2020","8","1","0.43","7","4","2"
"101","1","05/01/2020","8","1","0.45","7","4","1"
"101","1","05/01/2020","8","1","0.47","7","5","2"
"101","1","05/01/2020","8","1","0.51","8","5","2"
"101","1","05/01/2020","8","1","0.49","8","5","2"
"101","1","05/01/2020","8","1","0.54","9","5","2"
"101","1","05/01/2020","8","1","0.59","10","5","2"
"101","1","05/01/2020","8","1","1.03","11","4","2"
"101","1","05/01/2020","8","1","1.08","12","4","2"
"101","1","05/01/2020","8","1","1.13","13","4","2"
"101","1","05/01/2020","8","1","1.1","13","4","2"
"101","1","05/01/2020","8","1","1.12","13","2","2"
"101","1","05/01/2020","8","1","1.14","13","2","1"
"101","1","05/01/2020","9","1","1.14","13","2","2"
"101","1","05/01/2020","9","1","1.14","13","2","2"
"101","1","05/01/2020","9","1","1.17","14","3","2"
"101","1","05/01/2020","9","1","1.18","14","3","2"
"101","1","05/01/2020","9","1","1.18","14","3","2"
"101","1","05/01/2020","9","1","1.23","15","4","2"
"101","1","05/01/2020","9","1","1.24","14","4","1"
"101","1","05/01/2020","9","1","1.29","15","4","2"
"101","1","05/01/2020","9","1","1.34","16","4","2"
"101","1","05/01/2020","9","1","1.38","16","4","1"
"101","1","05/01/2020","9","1","1.43","17","4","2"
"101","1","05/01/2020","9","1","1.45","18","4","2"
"101","1","05/01/2020","9","1","1.48","18","4","2"
"101","1","05/01/2020","9","1","1.49","19","2","2"
"101","1","05/01/2020","9","1","1.5","19","2","2"
"101","1","05/01/2020","9","1","1.51","19","2","2"
"101","1","05/01/2020","9","1","1.5","18","2","2"
"101","1","05/01/2020","10","1","1.5","19","2","2"
"101","1","05/01/2020","10","1","1.52","19","2","2"
"101","1","05/01/2020","10","1","1.51","19","5","2"
"101","1","05/01/2020","10","1","1.56","20","5","1"
"101","1","05/01/2020","10","1","1.58","21","5","2"
"101","1","05/01/2020","10","1","2.02","21","5","2"
"101","1","05/01/2020","10","1","2.08","22","5","2"
"101","1","05/01/2020","10","1","2.07","22","2","2"
"101","1","05/01/2020","10","1","2.08","22","2","2"
"101","1","05/01/2020","10","1","2.1","23","2","2"
"101","1","05/01/2020","10","1","2.1","23","2","2"
"101","1","05/01/2020","10","1","2.09","23","2","2"
"101","1","05/01/2020","10","1","2.13","23","2","2"
"101","1","05/01/2020","10","1","2.15","24","4","2"
"101","1","05/01/2020","10","1","2.19","25","4","1"
"101","1","05/01/2020","10","1","2.18","25","4","2"
"101","1","05/01/2020","10","1","2.21","25","4","2"
"101","1","05/01/2020","11","1","2.24","26","2","2"
"101","1","05/01/2020","11","1","2.23","26","2","2"
"101","1","05/01/2020","11","1","2.25","26","3","2"
"101","1","05/01/2020","11","1","2.24","26","3","2"
"101","1","05/01/2020","11","1","2.29","27","3","2"
"101","1","05/01/2020","11","1","2.34","28","3","2"
"101","1","05/01/2020","11","1","2.37","28","3","2"
"101","1","05/01/2020","11","1","2.35","28","3","2"
"101","1","05/01/2020","11","1","2.36","28","3","2"
"101","1","05/01/2020","11","1","2.42","29","3","2"
"101","1","05/01/2020","11","1","2.44","30","3","1"
"101","1","05/01/2020","11","1","2.46","30","4","2"
"101","1","05/01/2020","11","1","2.48","31","4","2"
"101","1","05/01/2020","11","1","2.49","30","4","2"
"101","1","05/01/2020","11","1","2.55","31","4","2"
"101","1","05/01/2020","11","1","2.55","31","4","2"
"101","1","05/01/2020","11","1","2.57","32","4","2"
"101","1","05/01/2020","11","1","3.03","33","4","2"
"101","1","05/01/2020","11","1","3.07","34","4","2"
"101","2","05/01/2020","12","1","3.07","34","3","1"
"101","2","05/01/2020","12","1","3.12","35","3","2"
"101","2","05/01/2020","12","1","3.12","35","3","2"
"101","2","05/01/2020","12","1","3.14","36","3","3"
"101","2","05/01/2020","12","1","3.15","36","3","3"
"101","2","05/01/2020","12","1","3.16","36","3","3"
"101","2","05/01/2020","12","1","3.21","37","2","1"
"101","2","05/01/2020","12","1","3.19","37","2","2"
"101","2","05/01/2020","12","1","3.18","36","1","2"
"101","2","05/01/2020","12","1","3.16","36","2","3"
"101","2","05/01/2020","12","1","3.14","36","2","3"
"101","2","05/01/2020","12","1","3.17","36","4","3"
"101","2","05/01/2020","12","1","3.24","37","4","1"
"101","2","05/01/2020","12","1","3.28","38","4","1"
"101","2","05/01/2020","12","1","3.28","38","4","3"
"101","2","05/01/2020","13","1","3.27","38","2","3"
"101","2","05/01/2020","13","1","3.29","38","2","3"
"101","2","05/01/2020","13","1","3.3","38","3","1"
"101","2","05/01/2020","13","1","3.31","39","3","3"
"101","2","05/01/2020","13","1","3.31","39","3","3"
"101","2","05/01/2020","13","1","3.32","39","1","3"
"101","2","05/01/2020","13","1","3.32","39","3","1"
"101","2","05/01/2020","13","1","3.36","39","3","2"
"101","2","05/01/2020","13","1","3.36","39","3","2"
"101","2","05/01/2020","13","1","3.39","39","2","1"
"101","2","05/01/2020","13","1","3.38","39","2","2"
"101","2","05/01/2020","13","1","3.37","39","2","2"
"101","2","05/01/2020","13","1","3.4","40","2","2"
"101","2","05/01/2020","14","1","3.42","40","2","2"
"101","2","05/01/2020","14","1","3.42","40","2","2"
"101","2","05/01/2020","14","1","3.39","40","4","2"
"101","2","05/01/2020","14","1","3.4","41","4","2"
"101","2","05/01/2020","14","1","3.44","41","4","2"
"101","2","05/01/2020","14","1","3.5","42","4","2"
"101","2","05/01/2020","14","1","3.53","42","2","2"
"101","2","05/01/2020","14","1","3.53","43","2","1"
"101","2","05/01/2020","14","1","3.54","43","3","2"
"101","2","05/01/2020","14","1","3.59","43","3","2"
"101","2","05/01/2020","14","1","4.01","44","3","2"
"101","2","05/01/2020","14","1","4.0","44","2","2"
"101","2","05/01/2020","14","1","4.01","44","2","2"
"101","2","05/01/2020","14","1","4.02","44","2","2"
"101","2","05/01/2020","14","1","4.01","44","2","1"
"101","2","05/01/2020","15","1","3.59","43","1","2"
"101","2","05/01/2020","15","1","4.0","43","2","2"
"101","2","05/01/2020","15","1","4.0","43","2","2"
"101","2","05/01/2020","15","1","4.0","43","2","2"
"101","2","05/01/2020","15","1","4.01","43","2","2"
"101","2","05/01/2020","15","1","4.01","43","2","2"
"101","2","05/01/2020","15","1","4.04","43","2","1"
"101","2","05/01/2020","15","1","4.07","44","3","2"
"101","2","05/01/2020","15","1","4.06","44","3","2"
"101","2","05/01/2020","15","1","4.1","44","3","2"
"101","2","05/01/2020","15","1","4.13","45","3","2"
"101","2","05/01/2020","15","1","4.16","45","3","1"
"101","2","05/01/2020","15","1","4.17","45","3","3"
"101","3","05/01/2020","16","1","4.16","45","2","3"
"101","3","05/01/2020","16","1","4.22","46","2","3"
"101","3","05/01/2020","16","1","4.2","46","2","1"
"101","3","05/01/2020","16","1","4.2","46","2","2"
"101","3","05/01/2020","16","1","4.19","46","2","2"
"101","3","05/01/2020","16","1","4.2","46","2","2"
"101","3","05/01/2020","16","1","4.21","46","3","2"
"101","3","05/01/2020","16","1","4.25","47","3","2"
"101","3","05/01/2020","16","1","4.25","47","3","2"
"101","3","05/01/2020","16","1","4.25","47","1","2"
"101","3","05/01/2020","16","1","4.23","46","4","2"
"101","3","05/01/2020","16","1","4.27","47","4","2"
"101","3","05/01/2020","16","1","4.3","48","4","2"
"101","3","05/01/2020","16","1","4.31","48","4","2"
"101","3","05/01/2020","17","1","4.32","49","3","2"
"101","3","05/01/2020","17","1","4.36","49","3","1"
"101","3","05/01/2020","17","1","4.37","50","3","3"
"101","3","05/01/2020","17","1","4.35","50","4","3"
"101","3","05/01/2020","17","1","4.42","51","4","3"
"101","3","05/01/2020","17","1","4.46","52","4","1"
"101","3","05/01/2020","17","1","4.5","52","4","2"
"101","3","05/01/2020","17","1","4.51","53","4","2"
"101","3","05/01/2020","17","1","4.52","53","4","2"
"101","3","05/01/2020","17","1","4.57","54","4","2"
"101","3","05/01/2020","17","1","5.01","54","4","2"
"101","3","05/01/2020","17","1","5.04","55","3","2"
"101","3","05/01/2020","17","1","5.05","55","3","2"
"101","3","05/01/2020","17","1","5.08","56","3","2"
"101","3","05/01/2020","17","1","5.11","56","4","1"
"101","3","05/01/2020","17","1","5.08","55","4","2"
"101","3","05/01/2020","17","1","5.53","56","4","2"
"101","3","05/01/2020","17","1","5.57","57","4","2"
"101","3","05/01/2020","17","1","5.57","57","3","2"
"101","3","05/01/2020","17","1","6.01","58","3","2"
"101","3","05/01/2020","17","1","6.03","58","3","2"
"101","3","05/01/2020","18","1","5.28","59","2","2"
"101","1","06/01/2020","8","1","0.12","0","4","1"
"101","1","06/01/2020","8","1","0.18","1","4","1"
"101","1","06/01/2020","8","1","0.3","2","4","1"
"101","1","06/01/2020","8","1","0.33","3","4","1"
"101","1","06/01/2020","8","1","0.43","4","1","1"
"101","1","06/01/2020","8","1","0.35","3","1","1"
"101","1","06/01/2020","8","1","0.33","3","1","1"
"101","1","06/01/2020","8","1","0.33","3","1","1"
"101","1","06/01/2020","9","1","0.36","2","1","1"
"101","1","06/01/2020","9","1","0.38","2","1","1"
"101","1","06/01/2020","9","1","0.38","3","3","2"
"101","1","06/01/2020","9","1","0.48","3","3","2"
"101","1","06/01/2020","9","1","0.52","4","3","1"
"101","1","06/01/2020","9","1","1.0","5","1","1"
"101","1","06/01/2020","9","1","0.58","5","1","1"
"101","1","06/01/2020","9","1","0.54","5","1","1"
"101","1","06/01/2020","10","1","0.58","5","1","1"
"101","1","06/01/2020","10","1","1.01","6","2","1"
"101","1","06/01/2020","10","1","1.09","6","2","1"
"101","1","06/01/2020","10","1","1.11","6","1","1"
"101","1","06/01/2020","10","1","1.15","7","2","1"
"101","1","06/01/2020","10","1","1.25","7","2","1"
"101","1","06/01/2020","10","1","1.23","7","2","1"
"101","1","06/01/2020","10","1","1.3","7","2","1"
"101","1","06/01/2020","11","1","1.28","7","1","1"
"101","1","06/01/2020","11","1","1.37","7","2","1"
"101","1","06/01/2020","11","1","1.51","8","2","1"
"101","1","06/01/2020","11","1","1.5","9","1","1"
"101","1","06/01/2020","11","1","1.54","9","2","1"
"101","1","06/01/2020","11","1","1.57","9","2","1"
"101","1","06/01/2020","11","1","1.58","9","1","1"
"101","2","06/01/2020","12","1","1.54","10","2","1"
"101","2","06/01/2020","12","1","2.08","11","2","1"
"101","2","06/01/2020","12","1","2.01","10","1","2"
"101","2","06/01/2020","12","1","2.01","11","1","2"
"101","2","06/01/2020","12","1","2.01","10","2","1"
"101","2","06/01/2020","12","1","2.07","11","2","1"
"101","2","06/01/2020","12","1","2.14","11","2","1"
"101","2","06/01/2020","12","1","2.22","12","2","1"
"101","2","06/01/2020","13","1","2.31","13","1","1"
"101","2","06/01/2020","13","1","2.31","12","1","1"
"101","2","06/01/2020","13","1","2.33","13","1","1"
"101","2","06/01/2020","13","1","2.28","13","1","2"
"101","2","06/01/2020","13","1","2.25","13","3","2"
"101","2","06/01/2020","13","1","2.38","13","3","1"
"101","2","06/01/2020","13","1","2.49","14","3","1"
"101","2","06/01/2020","13","1","2.56","15","4","1"
"101","2","06/01/2020","13","1","3.04","16","4","1"
"101","2","06/01/2020","13","1","3.19","17","4","1"
"101","2","06/01/2020","13","1","3.29","17","4","1"
"101","2","06/01/2020","14","1","3.26","18","1","1"
"101","2","06/01/2020","14","1","3.29","18","1","1"
"101","2","06/01/2020","14","1","3.38","18","1","1"
"101","2","06/01/2020","14","1","3.44","18","3","1"
"101","2","06/01/2020","14","1","3.53","19","3","1"
"101","2","06/01/2020","14","1","4.06","20","3","1"
"101","2","06/01/2020","14","1","4.05","20","2","2"
"101","2","06/01/2020","14","1","4.15","21","2","2"
"101","2","06/01/2020","14","1","4.25","22","1","1"
"101","2","06/01/2020","15","1","4.28","22","3","1"
"101","2","06/01/2020","15","1","4.38","23","3","1"
"101","2","06/01/2020","15","1","4.4","24","3","1"
"101","2","06/01/2020","15","1","4.37","24","1","1"
"101","2","06/01/2020","15","1","4.44","24","3","1"
"101","2","06/01/2020","15","1","4.53","25","3","1"
"101","2","06/01/2020","15","1","5.07","26","3","1"
"101","2","06/01/2020","15","1","5.04","26","1","1"
"101","2","06/01/2020","15","1","4.57","26","3","2"
"101","2","06/01/2020","15","1","5.49","27","3","2"
"101","2","06/01/2020","15","1","5.52","27","3","2"
"101","3","06/01/2020","16","1","5.16","27","2","2"
"101","3","06/01/2020","16","1","5.23","28","2","1"
"101","3","06/01/2020","16","1","5.21","28","1","1"
"101","3","06/01/2020","16","1","5.15","27","1","1"
"101","3","06/01/2020","16","1","6.01","28","1","1"
"101","3","06/01/2020","16","1","5.59","28","2","1"
"101","3","06/01/2020","16","1","5.34","28","2","1"
"101","3","06/01/2020","17","1","5.28","29","1","2"
"101","3","06/01/2020","17","1","5.34","29","1","2"
"101","3","06/01/2020","17","1","5.29","28","2","1"
"101","3","06/01/2020","17","1","5.41","29","2","1"
"101","3","06/01/2020","17","1","5.41","30","3","1"
"101","3","06/01/2020","17","1","5.46","31","3","1"
"101","3","06/01/2020","17","1","6.05","32","3","1"
"101","3","06/01/2020","17","1","6.45","32","3","1"
"101","3","06/01/2020","17","1","6.53","33","3","2"
"101","3","06/01/2020","17","1","7.0","34","3","2"
"101","1","07/01/2020","8","1","0.08","0","2","2"
"101","1","07/01/2020","8","1","0.13","1","2","2"
"101","1","07/01/2020","8","1","0.21","1","1","1"
"101","1","07/01/2020","8","1","0.23","1","2","1"
"101","1","07/01/2020","8","1","0.28","2","2","1"
"101","1","07/01/2020","8","1","0.35","3","1","1"
"101","1","07/01/2020","8","1","0.34","3","2","1"
"101","1","07/01/2020","8","1","0.36","4","2","1"
"101","1","07/01/2020","9","1","0.37","3","2","1"
"101","1","07/01/2020","9","1","0.44","4","2","1"
"101","1","07/01/2020","9","1","0.44","4","1","1"
"101","1","07/01/2020","9","1","0.45","4","1","1"
"101","1","07/01/2020","9","1","0.46","4","1","2"
"101","1","07/01/2020","9","1","0.39","4","1","2"
"101","1","07/01/2020","9","1","0.38","4","2","1"
"101","1","07/01/2020","9","1","0.43","5","2","1"
"101","1","07/01/2020","10","1","0.48","5","1","1"
"101","1","07/01/2020","10","1","0.5","4","1","1"
"101","1","07/01/2020","10","1","0.54","4","2","1"
"101","1","07/01/2020","10","1","1.0","5","2","1"
"101","1","07/01/2020","10","1","1.02","5","2","1"
"101","1","07/01/2020","10","1","1.11","5","2","1"
"101","1","07/01/2020","10","1","1.14","6","1","1"
"101","1","07/01/2020","11","1","1.2","6","2","1"
"101","1","07/01/2020","11","1","1.2","6","2","2"
"101","1","07/01/2020","11","1","1.23","6","1","2"
"101","1","07/01/2020","11","1","1.18","6","4","1"
"101","1","07/01/2020","11","1","1.26","7","4","2"
"101","1","07/01/2020","11","1","1.33","8","4","2"
"101","1","07/01/2020","11","1","1.45","9","4","1"
"101","1","07/01/2020","11","1","1.41","9","3","1"
"101","1","07/01/2020","11","1","1.46","9","3","1"
"101","1","07/01/2020","11","1","1.55","10","3","1"
"101","2","07/01/2020","12","1","2.01","11","2","1"
"101","2","07/01/2020","12","1","2.02","11","2","2"
"101","2","07/01/2020","12","1","2.09","12","1","2"
"101","2","07/01/2020","12","1","2.06","13","3","2"
"101","2","07/01/2020","12","1","2.12","13","3","2"
"101","2","07/01/2020","12","1","2.12","14","3","1"
"101","2","07/01/2020","12","1","2.08","13","2","1"
"101","2","07/01/2020","12","1","2.21","14","2","1"
"101","2","07/01/2020","12","1","2.21","14","1","1"
"101","2","07/01/2020","13","1","2.23","14","1","1"
"101","2","07/01/2020","13","1","2.24","14","1","1"
"101","2","07/01/2020","13","1","2.28","14","1","1"
"101","2","07/01/2020","13","1","2.25","14","1","1"
"101","2","07/01/2020","13","1","2.29","14","1","1"
"101","2","07/01/2020","13","1","2.36","14","1","1"
"101","2","07/01/2020","14","1","2.41","15","1","1"
"101","2","07/01/2020","14","1","2.39","14","3","2"
"101","2","07/01/2020","14","1","2.47","15","3","2"
"101","2","07/01/2020","14","1","2.57","16","3","1"
"101","2","07/01/2020","14","1","2.55","15","1","1"
"101","2","07/01/2020","14","1","2.59","16","3","1"
"101","2","07/01/2020","14","1","3.08","16","3","1"
"101","2","07/01/2020","14","1","3.23","17","3","1"
"101","2","07/01/2020","14","1","3.19","17","1","2"
"101","2","07/01/2020","15","1","3.16","17","3","2"
"101","2","07/01/2020","15","1","3.18","17","3","1"
"101","2","07/01/2020","15","1","3.25","18","3","1"
"101","2","07/01/2020","15","1","3.28","19","1","2"
"101","2","07/01/2020","15","1","3.25","19","2","2"
"101","2","07/01/2020","15","1","3.24","20","2","1"
"101","2","07/01/2020","15","1","3.32","20","1","1"
"101","2","07/01/2020","15","1","3.3","21","1","1"
"101","2","07/01/2020","15","1","3.27","21","2","1"
"101","2","07/01/2020","15","1","3.4","22","2","1"
"101","3","07/01/2020","16","1","3.42","21","1","1"
"101","3","07/01/2020","16","1","3.42","21","1","1"
"101","3","07/01/2020","16","1","3.44","22","1","1"
"101","3","07/01/2020","16","1","3.54","22","2","1"
"101","3","07/01/2020","16","1","4.04","23","2","1"
"101","3","07/01/2020","16","1","4.02","23","1","1"
"101","3","07/01/2020","16","1","4.02","23","1","1"
"101","3","07/01/2020","17","1","4.03","23","1","1"
"101","3","07/01/2020","17","1","4.06","23","1","1"
"101","3","07/01/2020","17","1","4.13","23","1","1"
"101","3","07/01/2020","17","1","4.1","23","1","1"
"101","3","07/01/2020","17","1","4.13","23","1","1"
"101","3","07/01/2020","17","1","4.15","24","1","1"
"201","1","01/01/2020","8","1","0.16","0","1","1"
"201","1","01/01/2020","8","1","0.1","1","1","1"
"201","1","01/01/2020","8","1","0.1","1","1","1"
"201","1","01/01/2020","9","1","0.19","1","1","1"
"201","1","01/01/2020","9","1","0.18","1","1","1"
"201","1","01/01/2020","9","1","0.09","1","1","1"
"201","1","01/01/2020","9","1","0.19","1","1","1"
"201","1","01/01/2020","10","1","0.08","1","1","1"
"201","1","01/01/2020","10","1","0.26","1","2","1"
"201","1","01/01/2020","10","1","0.35","2","2","1"
"201","1","01/01/2020","10","1","0.3","2","1","1"
"201","1","01/01/2020","10","1","0.26","2","1","1"
"201","1","01/01/2020","11","1","0.12","1","1","1"
"201","1","01/01/2020","11","1","0.1","1","1","1"
"201","1","01/01/2020","11","1","0.13","1","1","1"
"201","2","01/01/2020","12","1","0.1","1","1","1"
"201","2","01/01/2020","12","1","0.2","1","2","1"
"201","2","01/01/2020","12","1","0.25","1","2","1"
"201","2","01/01/2020","12","1","0.23","2","1","1"
"201","2","01/01/2020","13","1","0.16","1","1","1"
"201","2","01/01/2020","13","1","0.12","1","1","1"
"201","2","01/01/2020","13","1","0.1","1","1","1"
"201","2","01/01/2020","14","1","0.18","1","1","1"
"201","2","01/01/2020","14","1","0.08","1","2","2"
"201","2","01/01/2020","14","1","0.22","1","2","2"
"201","2","01/01/2020","15","1","0.14","1","1","1"
"201","2","01/01/2020","15","1","0.18","1","1","1"
"201","2","01/01/2020","15","1","0.11","1","1","1"
"201","2","01/01/2020","15","1","0.09","1","1","1"
"201","3","01/01/2020","16","1","0.15","1","2","1"
"201","3","01/01/2020","16","1","0.3","2","2","1"
"201","3","01/01/2020","16","1","0.22","1","1","1"
"201","3","01/01/2020","16","1","0.32","2","1","1"
"201","3","01/01/2020","16","1","0.25","1","1","1"
"201","3","01/01/2020","17","1","0.18","1","1","1"
"201","3","01/01/2020","17","1","0.14","1","1","1"
"201","3","01/01/2020","17","1","0.18","1","1","1"
"201","1","02/01/2020","8","1","0.16","0","2","1"
"201","1","02/01/2020","8","1","0.27","1","2","1"
"201","1","02/01/2020","8","1","0.31","2","1","1"
"201","1","02/01/2020","8","1","0.21","1","1","1"
"201","1","02/01/2020","9","1","0.16","1","1","1"
"201","1","02/01/2020","9","1","0.11","1","1","1"
"201","1","02/01/2020","10","1","0.14","1","3","1"
"201","1","02/01/2020","10","1","0.26","1","3","1"
"201","1","02/01/2020","10","1","0.41","2","3","1"
"201","1","02/01/2020","10","1","0.43","3","1","1"
"201","1","02/01/2020","10","1","0.49","3","1","1"
"201","1","02/01/2020","10","1","0.57","3","1","1"
"201","1","02/01/2020","10","1","0.63","4","1","1"
"201","1","02/01/2020","11","1","0.44","2","1","1"
"201","1","02/01/2020","11","1","0.24","1","1","1"
"201","2","02/01/2020","12","1","0.19","1","1","1"
"201","2","02/01/2020","12","1","0.25","1","1","1"
"201","2","02/01/2020","13","1","0.2","1","2","1"
"201","2","02/01/2020","13","1","0.31","1","2","1"
"201","2","02/01/2020","13","1","0.41","2","2","1"
"201","2","02/01/2020","13","1","0.52","3","2","1"
"201","2","02/01/2020","13","1","0.4","2","1","1"
"201","2","02/01/2020","14","1","0.24","2","1","1"
"201","2","02/01/2020","14","1","0.18","1","1","1"
"201","2","02/01/2020","14","1","0.27","1","1","1"
"201","2","02/01/2020","15","1","0.22","1","1","1"
"201","2","02/01/2020","15","1","0.26","1","1","1"
"201","3","02/01/2020","16","1","0.15","1","1","1"
"201","3","02/01/2020","16","1","0.2","1","1","1"
"201","3","02/01/2020","16","1","0.14","1","1","1"
"201","3","02/01/2020","17","1","0.19","1","1","1"
"201","3","02/01/2020","17","1","0.2","1","1","1"
"201","3","02/01/2020","17","1","0.19","1","1","1"
"201","1","03/01/2020","8","1","0.23","0","1","1"
"201","1","03/01/2020","8","1","0.17","1","1","1"
"201","1","03/01/2020","8","1","0.15","1","1","1"
"201","1","03/01/2020","9","1","0.23","1","1","1"
"201","1","03/01/2020","9","1","0.24","1","1","1"
"201","1","03/01/2020","10","1","0.22","1","2","1"
"201","1","03/01/2020","10","1","0.39","1","2","1"
"201","1","03/01/2020","10","1","0.4","1","1","1"
"201","1","03/01/2020","10","1","0.28","1","1","1"
"201","1","03/01/2020","11","1","0.17","1","1","1"
"201","1","03/01/2020","11","1","0.22","1","1","1"
"201","2","03/01/2020","12","1","0.16","1","1","1"
"201","2","03/01/2020","12","1","0.35","1","1","1"
"201","2","03/01/2020","13","1","0.22","1","1","1"
"201","2","03/01/2020","13","1","0.28","1","1","1"
"201","2","03/01/2020","13","1","0.2","1","1","1"
"201","2","03/01/2020","14","1","0.25","1","1","1"
"201","2","03/01/2020","14","1","0.24","1","1","1"
"201","2","03/01/2020","14","1","0.17","1","1","1"
"201","2","03/01/2020","15","1","0.19","1","1","1"
"201","2","03/01/2020","15","1","0.19","1","2","1"
"201","2","03/01/2020","15","1","0.39","2","2","1"
"201","3","03/01/2020","16","1","0.37","1","1","1"
"201","3","03/01/2020","16","1","0.46","2","1","1"
"201","3","03/01/2020","17","1","0.34","1","2","1"
"201","3","03/01/2020","17","1","0.48","2","2","1"
"201","3","03/01/2020","17","1","0.48","2","1","1"
"201","3","03/01/2020","17","1","1.01","3","1","1"
"201","3","03/01/2020","17","1","0.55","2","1","1"
"201","1","04/01/2020","8","1","0.22","0","2","1"
"201","1","04/01/2020","8","1","0.35","1","2","1"
"201","1","04/01/2020","8","1","0.41","2","1","1"
"201","1","04/01/2020","8","1","0.29","1","1","1"
"201","1","04/01/2020","9","1","0.35","1","1","1"
"201","1","04/01/2020","9","1","0.93","2","1","1"
"201","1","04/01/2020","9","1","1.03","2","1","1"
"201","1","04/01/2020","9","1","0.58","2","1","1"
"201","1","04/01/2020","10","1","0.53","2","1","1"
"201","1","04/01/2020","10","1","1.14","2","1","1"
"201","1","04/01/2020","11","1","1.0","2","1","1"
"201","1","04/01/2020","11","1","0.59","2","2","1"
"201","1","04/01/2020","11","1","1.17","3","2","1"
"201","2","04/01/2020","12","1","1.18","3","2","1"
"201","2","04/01/2020","12","1","1.38","4","2","1"
"201","2","04/01/2020","12","1","1.31","4","1","1"
"201","2","04/01/2020","13","1","1.16","3","1","1"
"201","2","04/01/2020","13","1","1.21","3","1","1"
"201","2","04/01/2020","13","1","1.14","3","1","1"
"201","2","04/01/2020","14","1","1.34","3","1","1"
"201","2","04/01/2020","14","1","1.29","3","2","1"
"201","2","04/01/2020","14","1","1.48","4","2","1"
"201","2","04/01/2020","15","1","1.51","4","1","1"
"201","2","04/01/2020","15","1","1.49","4","1","1"
"201","2","04/01/2020","15","1","1.32","4","1","1"
"201","3","04/01/2020","16","1","1.44","4","1","1"
"201","3","04/01/2020","16","1","1.49","5","1","1"
"201","3","04/01/2020","16","1","1.52","5","1","1"
"201","3","04/01/2020","17","1","1.59","5","1","1"
"201","3","04/01/2020","17","1","2.19","6","1","1"
"201","3","04/01/2020","17","1","2.05","5","1","1"
"201","3","04/01/2020","17","1","2.26","5","1","1"
"201","1","05/01/2020","8","1","0.12","0","3","1"
"201","1","05/01/2020","8","1","0.27","1","3","1"
"201","1","05/01/2020","8","1","0.37","2","3","1"
"201","1","05/01/2020","8","1","0.44","3","2","1"
"201","1","05/01/2020","8","1","0.91","3","2","1"
"201","1","05/01/2020","8","1","1.07","4","3","1"
"201","1","05/01/2020","8","1","1.17","5","3","1"
"201","1","05/01/2020","8","1","1.34","5","3","1"
"201","1","05/01/2020","8","1","1.25","5","1","1"
"201","1","05/01/2020","9","1","1.23","5","2","1"
"201","1","05/01/2020","9","1","1.37","6","2","1"
"201","1","05/01/2020","9","1","1.5","6","1","1"
"201","1","05/01/2020","9","1","1.46","6","1","1"
"201","1","05/01/2020","9","1","1.57","7","1","1"
"201","1","05/01/2020","9","1","2.02","8","1","1"
"201","1","05/01/2020","9","1","2.02","8","1","1"
"201","1","05/01/2020","10","1","2.11","9","2","1"
"201","1","05/01/2020","10","1","2.24","10","2","1"
"201","1","05/01/2020","10","1","2.29","10","1","1"
"201","1","05/01/2020","10","1","2.32","10","1","1"
"201","1","05/01/2020","10","1","2.43","10","1","1"
"201","1","05/01/2020","10","1","2.43","10","1","1"
"201","1","05/01/2020","11","1","2.4","10","2","1"
"201","1","05/01/2020","11","1","2.57","11","2","1"
"201","1","05/01/2020","11","1","3.06","11","1","1"
"201","1","05/01/2020","11","1","3.14","12","1","1"
"201","1","05/01/2020","11","1","3.12","12","1","1"
"201","1","05/01/2020","11","1","3.12","12","1","1"
"201","2","05/01/2020","12","1","3.04","11","2","1"
"201","2","05/01/2020","12","1","3.17","12","2","1"
"201","2","05/01/2020","12","1","3.15","12","2","1"
"201","2","05/01/2020","12","1","3.27","13","2","1"
"201","2","05/01/2020","12","1","3.35","13","1","1"
"201","2","05/01/2020","12","1","3.4","14","1","1"
"201","2","05/01/2020","13","1","3.37","14","1","1"
"201","2","05/01/2020","13","1","3.37","14","1","1"
"201","2","05/01/2020","13","1","3.36","13","1","1"
"201","2","05/01/2020","14","1","3.34","13","1","1"
"201","2","05/01/2020","14","1","3.35","14","1","1"
"201","2","05/01/2020","14","1","3.36","13","1","1"
"201","2","05/01/2020","14","1","3.34","13","2","1"
"201","2","05/01/2020","14","1","3.48","14","2","1"
"201","2","05/01/2020","15","1","3.54","14","2","1"
"201","2","05/01/2020","15","1","4.11","15","2","1"
"201","2","05/01/2020","15","1","4.09","15","2","1"
"201","2","05/01/2020","15","1","4.26","16","2","1"
"201","2","05/01/2020","15","1","4.24","16","1","1"
"201","2","05/01/2020","15","1","4.35","17","3","1"
"201","2","05/01/2020","15","1","4.49","18","3","1"
"201","2","05/01/2020","15","1","4.52","19","3","1"
"201","3","05/01/2020","16","1","4.53","19","1","1"
"201","3","05/01/2020","16","1","4.54","19","1","1"
"201","3","05/01/2020","16","1","4.56","19","1","1"
"201","3","05/01/2020","16","1","4.5","19","1","1"
"201","3","05/01/2020","16","1","4.58","20","1","1"
"201","3","05/01/2020","16","1","5.04","20","2","1"
"201","3","05/01/2020","16","1","5.6","21","2","1"
"201","3","05/01/2020","17","1","5.32","22","1","1"
"201","3","05/01/2020","17","1","5.34","22","1","1"
"201","3","05/01/2020","17","1","5.43","23","1","1"
"201","3","05/01/2020","17","1","5.46","23","1","1"
"201","3","05/01/2020","17","1","5.41","23","1","1"
"201","1","06/01/2020","8","1","0.18","0","1","1"
"201","1","06/01/2020","8","1","0.14","1","1","1"
"201","1","06/01/2020","8","1","0.17","1","1","1"
"201","1","06/01/2020","8","1","0.19","1","1","1"
"201","1","06/01/2020","9","1","0.17","1","1","1"
"201","1","06/01/2020","9","1","0.16","1","1","1"
"201","1","06/01/2020","9","1","0.15","1","1","1"
"201","1","06/01/2020","10","1","0.14","1","1","1"
"201","1","06/01/2020","10","1","0.14","1","1","1"
"201","1","06/01/2020","10","1","0.14","1","1","1"
"201","1","06/01/2020","11","1","0.1","1","1","1"
"201","1","06/01/2020","11","1","0.11","1","1","1"
"201","1","06/01/2020","11","1","0.17","1","1","1"
"201","2","06/01/2020","12","1","0.22","1","1","1"
"201","2","06/01/2020","12","1","0.21","1","1","1"
"201","2","06/01/2020","12","1","0.14","1","1","1"
"201","2","06/01/2020","13","1","0.12","1","1","1"
"201","2","06/01/2020","13","1","0.17","1","1","1"
"201","2","06/01/2020","13","1","0.14","1","1","1"
"201","2","06/01/2020","13","1","0.12","1","1","1"
"201","2","06/01/2020","14","1","0.17","1","1","1"
"201","2","06/01/2020","14","1","0.16","1","1","1"
"201","2","06/01/2020","14","1","0.2","1","1","1"
"201","2","06/01/2020","14","1","0.16","1","1","1"
"201","2","06/01/2020","15","1","0.19","1","1","1"
"201","2","06/01/2020","15","1","0.23","1","1","1"
"201","2","06/01/2020","15","1","0.27","1","1","1"
"201","2","06/01/2020","15","1","0.29","1","1","1"
"201","3","06/01/2020","16","1","0.18","1","1","1"
"201","3","06/01/2020","16","1","0.2","1","1","1"
"201","3","06/01/2020","16","1","0.12","1","1","1"
"201","3","06/01/2020","17","1","0.12","1","1","1"
"201","3","06/01/2020","17","1","0.11","1","1","1"
"201","1","07/01/2020","8","1","0.12","0","1","1"
"201","1","07/01/2020","8","1","0.18","1","1","1"
"201","1","07/01/2020","8","1","0.19","1","1","1"
"201","1","07/01/2020","8","1","0.17","1","1","1"
"201","1","07/01/2020","9","1","0.17","1","1","1"
"201","1","07/01/2020","9","1","0.19","1","1","1"
"201","1","07/01/2020","9","1","0.27","1","1","1"
"201","1","07/01/2020","9","1","0.26","1","1","1"
"201","1","07/01/2020","10","1","0.24","1","1","1"
"201","1","07/01/2020","10","1","0.15","1","1","1"
"201","1","07/01/2020","11","1","0.13","1","1","1"
"201","1","07/01/2020","11","1","0.12","1","1","1"
"201","1","07/01/2020","11","1","0.12","1","1","1"
"201","2","07/01/2020","12","1","0.2","1","1","1"
"201","2","07/01/2020","12","1","0.18","1","1","1"
"201","2","07/01/2020","13","1","0.18","1","1","1"
"201","2","07/01/2020","13","1","0.19","1","1","1"
"201","2","07/01/2020","14","1","0.11","1","1","1"
"201","2","07/01/2020","14","1","0.15","1","1","1"
"201","2","07/01/2020","15","1","0.12","1","1","1"
"201","2","07/01/2020","15","1","0.11","1","1","1"
"201","2","07/01/2020","15","1","0.19","1","1","1"
"201","3","07/01/2020","16","1","0.16","1","1","1"
"201","3","07/01/2020","16","1","0.19","1","1","1"
"201","3","07/01/2020","17","1","0.17","1","1","1"
"201","3","07/01/2020","17","1","0.17","1","1","1"
